"basin_depth","D14C_anom","D14C_err","o2_anom","o2_err","comment","o2_anom_sol","DDIC_soft_LGM","DDIC_dis_LGM","DDIC_total_LGM","frac_soft_lgm"
"pac_deep",-104.2071593,13.68198283,-133,15,"",-149.79792,66.2898958898567,73.5653025093765,139.855198399233,0.473989502346737
"pac_mid",-39.28756885,7.354886014,-49,20,"average of 1242 TR162-25 23",-65.79792,34.0390629821907,23.5479451154294,57.5870080976201,0.591089277020408
"atl_deep",-100.7846001,10.93314386,-127,19,"",-143.79792,63.064496786051,71.6342781226704,134.698774908721,0.468189089535422
"so_deep",-101.369426,20.32972,-128,19,"13ka diff",-144.79792,63.5911351160325,71.9755783240987,135.566713440131,0.469076320450267
