"basin_depth","D14C_anom","D14C_err","o2_anom","o2_err","comment","o2_anom_sol","DDIC_soft_LGM","DDIC_dis_LGM","DDIC_total_LGM","frac_soft_lgm"
"pac_deep",-104.2071593,13.68198283,-133,15,"",-149.79792,68.9811578983502,68.7722382531667,137.753396151517,0.5007583103249
"pac_mid",-39.28756885,7.354886014,-49,20,"average of 1242 TR162-25 23",-65.79792,35.4209936034259,21.0867643592265,56.5077579626524,0.62683417074938
"atl_deep",-100.7846001,10.93314386,-127,19,"",-143.79792,65.6248128343227,67.0744250511961,132.699237885519,0.494537978363809
"so_deep",-101.369426,20.32972,-128,19,"13ka diff",-144.79792,66.1728318243682,67.3776468800233,133.550478704391,0.495489289640354
